"0","0","1976-02-23 04:45:28","Value less parent operation radio ever. Produce field never effort. Positive send concern everyone air task rather.","1","71"
"1","65","1977-07-21 11:32:07","Consumer hold than current. Dream young all. Our affect world.","5","52"
"2","14","1973-12-27 05:10:51","Forward fish laugh herself toward beyond base. Evidence person business bed against year trip class. Step heavy not hot art break culture.","5","79"
"3","16","2023-07-25 18:02:20","Gun respond good tree decide. Serve lay individual then recent agree. Mother religious good agent as dinner prevent author.","2","38"
"4","91","1994-08-24 13:24:38","Adult own network anyone red concern foreign. Contain beat value season design sometimes. Region respond well bill thank. None skin leg too political gas.","5","9"
"5","94","1972-10-25 23:51:29","Country score country fall soon sit arrive. World religious maybe here remember make away. Strong voice reality commercial. Yet change figure entire thank new mouth.","1","43"
"6","92","1997-10-17 20:11:57","Pressure north hotel even people development. Authority in success thousand vote.","1","95"
"7","18","1983-10-19 01:53:31","Picture inside choose itself unit often. Moment fish floor wear whether item role. Dream return paper state. Another visit break character go just military individual.","3","95"
"8","9","1978-05-16 12:07:08","Short her political prove member value. Candidate stop leg contain nothing game ever put. Worry ten effort.","5","49"
"9","63","2003-10-26 18:18:00","Join future subject. City maybe main yeah conference hit turn. Effect when write clear different.","5","13"
"10","99","2018-09-23 01:15:44","Design idea west take always base once culture. Full position north group.","1","99"
"11","91","1993-01-12 08:28:59","Suffer stay local why language evening. Want get somebody my. Miss receive kid surface seat card amount account.","5","8"
"12","25","1987-08-04 08:43:42","Book firm explain among. Weight blue claim always. Take chair stage very.","2","71"
"13","9","2021-09-23 04:49:32","Next physical create sure source green. Present around medical like arm able also.","3","42"
"14","98","2011-04-27 12:49:36","No what current back. Letter modern nation. Out make recognize member necessary role.","4","57"
"15","13","2001-01-24 09:28:13","Community final arm deep speech country.","5","34"
"16","98","1987-12-01 11:27:42","Arm record center after whether expert. Pretty establish necessary president poor build.","4","50"
"17","18","2014-09-23 18:13:30","Direction impact meeting stock high social. Interesting land matter example action just trouble.","5","84"
"18","55","1970-01-04 03:19:18","Firm feel late example best it certain amount. Might home difference college language. Describe speak ground argue public walk join.","1","39"
"19","12","1982-09-19 19:37:33","Grow hair line sell perhaps level often practice. Book edge step since power indeed thing expect. Nice news whether wide not.","2","51"
"20","92","1977-11-18 23:15:46","Enough institution put require after. Job hope build leg collection. Product game amount forget fight spend.","4","26"
"21","70","2007-06-28 01:47:46","Safe three particularly mission suddenly compare cell agree. Term region spend pressure moment mention possible.","4","67"
"22","45","1999-11-19 08:33:33","Without wife fill throughout certainly. Participant production away begin PM writer important. Clearly point move cut.","2","39"
"23","16","1976-02-02 16:56:00","Herself morning long fish number service. Size put serve which whether prepare. Picture system detail.","4","49"
"24","56","2004-11-24 11:41:36","Morning account step science give. Buy natural important feel.","4","68"
"25","39","2018-11-18 17:42:55","Politics offer program rise.","1","91"
"26","86","1996-08-07 16:54:53","Question visit Democrat big figure program care it. Simple way away above. Night manager clearly far point test financial which.","2","50"
"27","44","1984-12-03 17:55:27","Member Democrat nation amount environment play three after. Better deal wife within response. Response offer manage hotel.","5","88"
"28","43","1981-07-10 14:24:23","Born unit deal what process wall particularly. Structure hear decade eat than course born.","5","0"
"29","76","2017-06-12 17:28:51","In indeed simply today everybody win realize. Sea senior TV let ask.","1","73"
"30","3","1986-01-17 02:24:02","Need economy smile including effect. Experience heart interesting pretty. Range industry former senior page story. Prepare condition measure girl top thus far.","1","46"
"31","38","1974-11-06 05:28:55","Food market tough interview remember need. Imagine drop social order. Think democratic science yes Congress continue month. Piece sort to.","3","18"
"32","75","2005-08-07 10:24:53","Base how ask success even increase. Population carry these whole sign firm. Front simple operation start fish.","1","63"
"33","83","1989-06-04 15:12:39","Ahead question cup. Individual until president role by show. Single research pay choose.","3","46"
"34","72","1980-12-22 11:51:16","Later surface include mouth carry very. Item compare specific statement.","1","37"
"35","71","1977-02-18 11:21:10","Way level nation bag way son large. Population professional a personal. Sit budget concern matter president medical.","4","74"
"36","26","1991-06-24 22:43:11","First short social.","4","62"
"37","42","1993-06-10 23:51:12","Ability report already cold along money per story. Wife buy dark all.","4","72"
"38","86","1999-05-02 18:44:15","Author political century set all old hour. Walk product actually building soon wind not despite.","1","6"
"39","77","2020-06-23 03:04:14","Call wind allow. Follow whom major describe these.","4","36"
"40","3","1996-07-19 22:32:06","Memory usually society until among century. Challenge who leader stay international me. Bar open us development customer.","5","78"
"41","52","1986-04-13 07:23:23","Can available describe. Attention nothing effect radio article. Foot actually point police decade feeling age.","5","94"
"42","19","1993-05-14 05:06:49","Bed never available debate. Benefit word blue change all group future change. Involve civil class four hold fine. Hit go reveal board community since air air.","4","33"
"43","33","2020-07-15 13:58:04","Trouble describe range stand artist debate beat. Born necessary weight high.","5","25"
"44","90","1986-10-24 21:46:23","Tax property administration many production hard road. Base chance form would fish about next nature.","5","22"
"45","33","1985-12-18 02:32:01","Health tree wait democratic.","3","51"
"46","0","2011-07-26 22:48:52","City force suddenly available early college power. These eat quickly.","1","9"
"47","58","2000-06-29 06:22:44","Save commercial provide structure know as month.","2","3"
"48","50","1987-05-25 22:10:00","Thing film believe institution. Approach power line control her we figure imagine. Sea develop day home wait great.","4","12"
"49","33","1970-10-07 01:14:38","Example think me only something level participant. Course idea why huge step book.","5","20"
"50","98","1986-09-16 07:50:21","Fine friend argue share audience course. Successful any catch chance. White audience field candidate avoid nature.","2","21"
"51","97","1984-01-05 07:24:42","Effect our message according share word citizen. Impact amount unit a him meet.","2","60"
"52","60","2018-06-25 05:00:34","Her trip fire back pattern. Describe candidate carry could. Growth specific after top.","5","50"
"53","16","2016-01-21 19:23:19","Official commercial for figure. Republican why yet keep if high.","5","8"
"54","39","2005-03-05 16:35:06","Listen director worry. Nor black them. Best remain physical key game ahead simply. Employee never including.","5","52"
"55","6","1971-02-09 15:33:48","Partner by return person before hold score. Sister manage apply explain federal Mrs. Institution including husband truth.","2","75"
"56","83","1976-03-17 09:42:00","Let visit despite form up smile. Debate care consumer American professional two around half.","5","11"
"57","6","1979-07-13 18:43:24","Arrive defense sister upon me property himself authority. Prevent threat under picture a hair by. Reflect increase old hear present push anything.","2","1"
"58","22","2002-01-24 01:29:55","Later mouth sister forget make official. Recent go sometimes tonight one close. Food collection theory news suffer set.","5","62"
"59","81","1990-03-24 07:04:53","Left travel response play.","5","54"
"60","70","2019-09-01 02:28:28","Nation group today value above nice. Cover yet son reach admit turn police. Make read money store.","5","59"
"61","75","1974-04-04 17:34:39","Despite play company public remember adult nor write. Happy audience or line sound stand claim.","3","78"
"62","5","2017-03-31 09:06:45","Pass entire meet create seat stock final. For financial deal scene important course. Which body develop expect cell.","4","81"
"63","49","2005-05-03 15:05:42","Test clear third public try base stay. What note window oil entire into.","3","24"
"64","18","1997-11-20 06:06:08","Officer surface will evening compare. Lawyer green knowledge.","2","93"
"65","1","2023-03-31 07:21:28","Black leader against writer. Impact him board create again TV.","2","94"
"66","6","1996-10-20 20:29:37","Stuff gas property door. Six sound impact attorney.","2","29"
"67","57","1989-06-04 11:26:07","Buy and church do face. Power store movie major. Fly federal from.","3","60"
"68","78","1988-08-24 16:12:51","Live create focus phone. Argue live apply name east.","5","66"
"69","88","1991-06-21 02:08:14","Week discussion throw sign buy week watch. They successful hospital teacher late church remember.","5","24"
"70","44","2017-04-29 06:12:06","Check from real daughter new pick.","4","46"
"71","9","1980-01-22 17:20:03","Media be relationship evening third quality thousand. Manager according letter. Matter tax almost right any idea yourself medical.","4","97"
"72","39","2022-01-21 15:18:09","Sell enjoy leader rich modern different. Far price more table without eight. Bring clearly may generation life Mr thought quickly.","3","83"
"73","61","2000-03-10 19:09:18","Production approach else manager study people thing. Factor pattern bad board without candidate.","4","36"
"74","92","1987-05-18 16:22:51","Almost degree ability face turn. Attorney over tonight choose across.","2","16"
"75","97","2021-10-29 01:29:31","Discuss time safe be that put. Someone group more center describe. Little anyone turn better road. Series window week continue.","3","28"
"76","97","2014-07-09 18:24:01","Population choice though. Say action face be these far.","4","26"
"77","51","1980-03-24 19:25:03","Adult evening floor policy machine bank off. Issue employee choose country offer international economic some. Like development firm lay drive son.","5","63"
"78","75","2015-05-02 19:53:00","Knowledge thing left beautiful him thousand maintain. Military ever against turn score effort. City well wonder close feeling their economic. Break up agree protect.","5","75"
"79","88","2012-10-30 12:53:33","Letter late family difference. Born wait already enough job daughter least. Old wind instead.","5","72"
"80","22","1992-03-16 10:59:20","Course learn here actually high late agency. Laugh down yes bad nature thus word. Partner big single born get late kid.","2","94"
"81","69","1987-10-19 20:54:30","Skill arrive argue resource. Often adult see option various reveal. Field music shake arm life fear may hundred. Or official mouth care book.","2","52"
"82","80","2007-05-28 02:12:50","Choice exactly near. Order candidate left teacher activity weight see.","2","13"
"83","24","2020-11-30 12:17:46","Light because rock whole contain. Every guess movie body option read. Can car election try recent finally difference.","2","92"
"84","88","2022-09-22 19:14:53","Personal base prepare. Degree mention out partner at ball fire.","5","25"
"85","90","2009-05-30 05:46:44","She artist have foot also. Suddenly customer music home get without. Across large include whatever. Seem heart hope prevent character.","4","78"
"86","74","1977-03-25 04:07:07","Write room play approach throughout sister. Seven industry relate close win wish southern on.","1","46"
"87","51","1991-03-08 07:47:23","Movie issue ok class throw compare. Itself join clear.","5","19"
"88","34","1973-10-23 22:46:32","Wrong rest energy happy. Analysis hard place same.","5","20"
"89","51","1995-11-02 13:56:09","Whole resource create few yard nice bad. Likely none party democratic activity after fast stuff. Sing kind clearly assume see box build.","2","85"
"90","6","1986-03-29 15:03:21","Congress indeed behind hear should different hear. Huge main late member. Morning usually those theory.","5","37"
"91","71","2000-06-02 10:20:40","City able our day that minute.","3","33"
"92","76","2021-01-21 13:07:22","Guy worry thought firm individual. Under successful reduce magazine use ground. Early environmental you officer.","5","59"
"93","68","1989-02-18 14:24:44","Nor girl store oil hit service. Church interesting available five reflect political. Former enjoy major college sign each hold.","4","92"
"94","11","2021-07-30 05:02:21","Lose way keep likely.","3","23"
"95","67","1985-03-18 21:04:12","Southern opportunity television. Probably watch seem material suffer look only.","1","45"
"96","17","2005-01-28 13:28:02","Almost teach or represent head. Important that listen same security step ten.","2","69"
"97","19","1997-10-11 04:08:11","Total simple market yard oil. Fact down something force. Our writer nation many view us.","4","96"
"98","8","1991-07-12 01:16:55","Movie past reflect stop see before he method. It probably go.","1","39"
"99","55","1992-07-20 17:18:43","Window life college matter ready tax. National third PM expect.","3","69"
