"0","tamaramorrison@hotmail.com","pbkdf2:sha256:600000$DUwkVGZvYfhzQe7j$ebca7cd886da2255313f5d24bf2418d7282528e16d215f9f167a447dc6735ba3","Gary","Cross","9342 Lori Bypass Suite 711
East Sandra, MP 11019","True","/static/default_profile_picture.jpg"
"1","qoliver@gmail.com","pbkdf2:sha256:600000$P2QVu608m2Dazpap$147b69b4175ab6e64a8dc1d2942b37eb0dd79aaa133fc63cf7ad110691c74977","Madison","Zuniga","6208 Williams Courts Suite 345
Masseyshire, GA 91949","True","/static/default_profile_picture.jpg"
"2","valeriemorales@hotmail.com","pbkdf2:sha256:600000$PokuLAWEh2VOs4Yy$84d0409c4c002fff20508a12a1da95c1d5cbb566fbad013d158c393c3b184030","Shane","Bradley","08913 Charlene Flat
Joshuaburgh, CT 62839","True","/static/default_profile_picture.jpg"
"3","zrogers@yahoo.com","pbkdf2:sha256:600000$x3WwDsqNU7mqvFQr$4d139198a5d92510871fdd68881ae6206acb48213e0f35728e4f365ee404d93b","Lauren","Ward","0452 Courtney Lane Apt. 113
North Paul, CT 52118","True","/static/default_profile_picture.jpg"
"4","taguilar@hotmail.com","pbkdf2:sha256:600000$igOad57zbLIcPHSU$54c87b270d27eb30977233050633031ba281be3efb96eabfe4a6e03bfdf3e581","Jared","Frazier","013 Billy Bridge
Riveraburgh, AS 20007","True","/static/default_profile_picture.jpg"
"5","vmendez@hotmail.com","pbkdf2:sha256:600000$UBbxNBUkSL6SNfrG$021d3f9b458049bfc68f0b181ca2045f9a0009218d555bf56eca5d7b43dfd54b","Sharon","Love","Unit 9426 Box 4183
DPO AE 51884","True","/static/default_profile_picture.jpg"
"6","aaronhopkins@hotmail.com","pbkdf2:sha256:600000$NVbR7cTf46OwDeIF$414f1a3a15138863e1b6cc141f05a6dd5b63d4c4dfb0e14764395a19bcde105b","Amanda","Griffin","0932 Shawn Neck Suite 420
West Matthew, LA 39343","True","/static/default_profile_picture.jpg"
"7","danny48@hotmail.com","pbkdf2:sha256:600000$5ad78CfZuzOJHycN$c225faad2c77c4d5976023d04971cc9238a317ffbc5fd87b6ecab8defed96fe2","Kristin","Watts","73864 David Skyway Apt. 046
Wallaceview, MI 37646","True","/static/default_profile_picture.jpg"
"8","karenroberts@gmail.com","pbkdf2:sha256:600000$NDLJ7dQWxDiDAIuj$c40f02889cd2c81d55220ead12c6bd52f34eafa32332e4b5448740e5d65c97c8","Cindy","Kelly","2566 Seth Station Apt. 852
East Sean, WY 51471","True","/static/default_profile_picture.jpg"
"9","monica30@yahoo.com","pbkdf2:sha256:600000$BoAnvTN34Z7ayuQa$f34aee043d14c8ff74ad86624f0c998fbf152dd10dbd79c82291b9710fb14fc3","Daniel","Lee","7067 Alexander Corner Apt. 312
Hensonborough, NV 80816","True","/static/default_profile_picture.jpg"
"10","taylorjamie@yahoo.com","pbkdf2:sha256:600000$onclGl6m5LkhQAYK$ef39253af69e7d8d732f86bd451a1ecd56ad9c0cbd58e6979421f1b36e9860f0","Mitchell","Payne","23659 Cristina Coves
New Caitlinfort, NH 40962","True","/static/default_profile_picture.jpg"
"11","christystanley@hotmail.com","pbkdf2:sha256:600000$JyA7twRYWAV18OpI$d256abd5ebd3d11b05c4a427e8ef13685e0fe405ede13cc70fce91d1d6e47d82","Haley","Beck","23028 Jennifer Meadow Apt. 972
West Matthewfurt, AK 82521","True","/static/default_profile_picture.jpg"
"12","kelly45@yahoo.com","pbkdf2:sha256:600000$WrztjgN9bwKjmg5h$73792adaa91d6acb61830a05caa38dbe0434dc498ac15cf1f0141c228766ca6c","Melanie","Park","02907 Matthew Branch Suite 493
New Sharonview, MP 23285","True","/static/default_profile_picture.jpg"
"13","rubiofrank@gmail.com","pbkdf2:sha256:600000$eeOOcPaiAHBmN1CV$0c2822c9ae09b5e92186233437e8c4541141d8e88674a40699dfe0afdb9ea9df","Todd","Frazier","6595 Kurt Park Apt. 436
Grahamfurt, UT 05536","True","/static/default_profile_picture.jpg"
"14","ctran@hotmail.com","pbkdf2:sha256:600000$jkDAc2dEfcqaUIOP$2efc8e79155783e01fb3d275bd93c36166bd1321f815beec5e65a65092ebd9a3","Melissa","Terry","1379 Lisa Pike
Lake Matthew, SD 18179","True","/static/default_profile_picture.jpg"
"15","morriskrystal@hotmail.com","pbkdf2:sha256:600000$HEqDooCXgSiy9JS5$9fe772299107257f8bcca77b4740148deba1fd12211be99d5ad2cdebaaf452fe","Timothy","Russell","86408 Mary Common
Michaelville, NJ 04835","True","/static/default_profile_picture.jpg"
"16","kimberlynunez@yahoo.com","pbkdf2:sha256:600000$qs5FFur50KCLzBBv$c62428a194c11946ee8623e1376d2d6a8be355dbee18e91635646d73ce308c57","David","Perez","532 Dixon Place Suite 126
Tammychester, MH 57653","True","/static/default_profile_picture.jpg"
"17","swalters@hotmail.com","pbkdf2:sha256:600000$lqQy85J9MouEA18o$b6d1292584fccf12e549d1cf80265c24dd001f6d16a6794f7053beba19829026","Micheal","Munoz","6352 Daniel Knolls Apt. 069
Fordland, WI 56262","True","/static/default_profile_picture.jpg"
"18","zerickson@yahoo.com","pbkdf2:sha256:600000$bG3W7PSEkIkddYEj$ea3ea65ba123408229509bdc16b199599c9abf56e6531d87182155f82fd66e9e","Rebecca","Smith","79061 Cook Parkways Suite 079
West Marissafort, OH 85040","True","/static/default_profile_picture.jpg"
"19","joannestuart@gmail.com","pbkdf2:sha256:600000$m60EfAkfEbCcP1oL$283918b929e30e131d4915e3dd526da382c329fc6195c7442aac37eba3b5ceec","Brian","Kennedy","754 Salazar Village
South Michaelfort, IN 86508","True","/static/default_profile_picture.jpg"
"20","erica29@hotmail.com","pbkdf2:sha256:600000$uukqtsZkOc269mkR$be3108d61307e6d335a11574d8328876401f9a7328594f16802db19bd0a6bd4b","Lisa","Gaines","140 Christine Shoals
South Jamie, TN 42383","True","/static/default_profile_picture.jpg"
"21","angela30@gmail.com","pbkdf2:sha256:600000$BBcoSDNZswQXlhdF$189951e461d5d8f1d98d8bacce4e07c2fd5d8fefd81525b75fce8321a4930026","Cody","Crawford","931 Middleton Roads Suite 573
West Angela, MI 94545","True","/static/default_profile_picture.jpg"
"22","mosesalison@yahoo.com","pbkdf2:sha256:600000$3kpYI4Sw1VdoZvX6$b2fced1ad3b4edea85a652c44c4aefaa3009edeb8926a7d7f5be0e6ed0410140","Pamela","Allen","69220 Janice Gateway
Lake Josephfurt, DE 45566","True","/static/default_profile_picture.jpg"
"23","carterdanny@hotmail.com","pbkdf2:sha256:600000$EpGKzVFQqGvla5CF$3430109c5be3b000a5f5fc8704969a5718ca2d692a336f2c705050be4e711326","Nathan","Kline","Unit 8857 Box 1688
DPO AA 16584","True","/static/default_profile_picture.jpg"
"24","johnwalker@yahoo.com","pbkdf2:sha256:600000$UwpdePzzNtIiy6IA$21bc9df447cd30e06e37ac426b1da5188f3fbdb434429d86ddadfc237b265d5e","David","Campbell","023 Schaefer Squares Apt. 382
Lake John, WI 39742","True","/static/default_profile_picture.jpg"
"25","ryanbaker@gmail.com","pbkdf2:sha256:600000$21dBTZNCAEEnjvo2$2cdc7de4fbf82d0671c7a26852b23ac0a81aa7e962ee0331a763dad48ad11d04","John","Gross","4647 Kristine Fields Suite 710
New Dakota, KS 00638","True","/static/default_profile_picture.jpg"
"26","rmiranda@hotmail.com","pbkdf2:sha256:600000$Pv6cp3V1NPQkitFJ$b224d9bb82da8a8e28f6c0184264656a657a3db7c8ddfed7b1c5efcceee0ba00","Evelyn","Hendricks","USS Silva
FPO AE 24883","True","/static/default_profile_picture.jpg"
"27","millskimberly@gmail.com","pbkdf2:sha256:600000$xq2gv0vsq0euqD4y$a0e09db8e192be515f2d0ee48daa8533fa3a23444af4e30d8ef64a0dea7bdea0","William","Whitaker","215 Joy Islands
West Beth, CA 11791","True","/static/default_profile_picture.jpg"
"28","amystone@gmail.com","pbkdf2:sha256:600000$wFSeiKMGXEzMuJMh$0b6e7530d018bb8581b59a5b3e90be1b6563db6e725093d8ea40b8bf6b52be1b","Francis","Caldwell","2547 Avila Manor
Port Deborahbury, SD 86285","True","/static/default_profile_picture.jpg"
"29","leejames@gmail.com","pbkdf2:sha256:600000$RqfRJgVDbUkxYfKO$d7cdf1612678c69a60225ac44dd11240f279cbb55791190948f5d2073805be4f","Michelle","Wilson","8476 Allison Summit
Brownville, MH 08197","True","/static/default_profile_picture.jpg"
"30","joylowe@yahoo.com","pbkdf2:sha256:600000$HdinhixxBcUBKa08$8d505082129fc2f66f053da57e975bcc8632be09a068681930e5c6dc26313377","Chad","Bridges","532 Stewart Mills
Lake Dana, KY 89011","True","/static/default_profile_picture.jpg"
"31","sandygarcia@gmail.com","pbkdf2:sha256:600000$TSC49BQ0R6NSdI9Q$54d6027296060b5d24d7d61fc44b9d6b7a79d0f2eb2573b77e90196631820a04","Dalton","Fritz","647 Michael Trafficway Apt. 037
New Evelyn, GU 01420","True","/static/default_profile_picture.jpg"
"32","cgiles@yahoo.com","pbkdf2:sha256:600000$YQ6XdtWfLdLRishn$e64eac5dc2cbafa2898fd80f06477c8b6f929b496c0346441c9d024a995ef69f","Angela","Soto","511 Sanchez Canyon
Port Jennifershire, CO 61535","True","/static/default_profile_picture.jpg"
"33","pjohnson@yahoo.com","pbkdf2:sha256:600000$SajEa7rQkAFKoqOZ$e6498b4097b4209887e0115dbfe6a36d5e86e1e00f03bc6aae8700136cabc797","Joshua","Anderson","967 Ethan Avenue Suite 164
South Nicole, KS 68053","True","/static/default_profile_picture.jpg"
"34","joy31@hotmail.com","pbkdf2:sha256:600000$GTSKV7L0zYoHARDB$d7cfe7c54c4d01b1c77024a2e888e75fccfeb3c5ebb1e134205eb37def3f05f4","Mrs.","Morgan","4279 Ann Brook
North Kylefurt, IL 34119","True","/static/default_profile_picture.jpg"
"35","vlove@hotmail.com","pbkdf2:sha256:600000$HPuiZprztPldTWDW$dd883f2342917fa1476343eacc04f393509450769be16e8ba0ff8f2dcab16b69","Jasmine","Graves","7841 Christopher Light Suite 634
Bonillaside, AL 82801","True","/static/default_profile_picture.jpg"
"36","webereric@hotmail.com","pbkdf2:sha256:600000$7x5vSubo6IiAiZI3$3c2f10502cf3a02cf6a1a001a65457d38c414f7e703764fdffd44b86d272e886","Douglas","Yates","208 Laura Club
New Kimberlyville, ID 13622","True","/static/default_profile_picture.jpg"
"37","kimberly24@gmail.com","pbkdf2:sha256:600000$2OogHA5oE6TJiHdT$a501f76ba9de274666296faffcb08027d1a57e3b8b783a87f2646ba9b5ddbae9","Frank","Galloway","Unit 1560 Box 4324
DPO AA 69154","True","/static/default_profile_picture.jpg"
"38","jonathan46@hotmail.com","pbkdf2:sha256:600000$gI4ijto7y6tFI8uB$adb3c0c874671ea263e3d88b6d93bec6052cbdc13bbcb7c3f93cd3c6aec35e2f","Timothy","Kerr","4600 Peters Union
Jennifertown, AK 65095","True","/static/default_profile_picture.jpg"
"39","torreskyle@hotmail.com","pbkdf2:sha256:600000$fkn58xmRiXKpwZ55$961c34c3e7722f521e5e72ca5ecf4d43325f3a5a312e3ac2c9834dcbc429db87","Beverly","Taylor","766 Christopher Walk
Sherrychester, TN 65093","True","/static/default_profile_picture.jpg"
"40","megan62@hotmail.com","pbkdf2:sha256:600000$fNmoOYFqoftKIpCt$0067ee9e3f37542dbe53fd755b29029268b9c552a904c611bd6b02af705977ba","Stephanie","Mosley","264 Sabrina Views Apt. 385
Boothland, MA 68180","True","/static/default_profile_picture.jpg"
"41","hdowns@hotmail.com","pbkdf2:sha256:600000$iX7IufR8mcfelJI3$54aae3328a61887c5589bc68b7d80ad164a9dc4af5a46653f6b40f0f02a03a8f","Nathan","Kirk","Unit 6360 Box 9390
DPO AA 97219","True","/static/default_profile_picture.jpg"
"42","vfreeman@hotmail.com","pbkdf2:sha256:600000$QdU9qnJd2elH9o1g$db63b2b0a80c9edbfe2fdff41c2fafc7f471b6177538c0ece2bb50aa0bbf0e63","Tara","Shaw","979 Davis Manor
Lake Rebeccaberg, HI 90658","True","/static/default_profile_picture.jpg"
"43","ghancock@yahoo.com","pbkdf2:sha256:600000$v7dggI6q6MdWiedn$5309c26367b2f6906d74474f83ce6bf85568861ea96eeeca3958316457d55316","Allen","Trevino","PSC 2652, Box 8592
APO AE 12680","True","/static/default_profile_picture.jpg"
"44","amandasnyder@gmail.com","pbkdf2:sha256:600000$YeNEnSqNHDXMmjNH$cdd6e3e8c420e4ee45ecabed98a5a5e3201e230d55e8a6f66e27fe5096e3ec2d","Billy","Hudson","73849 Edward Vista
New Matthewport, MH 72138","True","/static/default_profile_picture.jpg"
"45","ashleylewis@gmail.com","pbkdf2:sha256:600000$2xerS7TwEZbfmwOn$aa1414619ca71491dcc903c3b66248b2107b33e54eef929e6e40ff30bc789e7b","Marilyn","Rodriguez","4229 Hill Light Apt. 972
Floydchester, WV 51245","True","/static/default_profile_picture.jpg"
"46","williamdoyle@gmail.com","pbkdf2:sha256:600000$wROdD7AB0PVGh5WK$02278b2c46c3fb8768e8d9903cce262fce17ae0656d9acac0e30f7f58589653f","Miss","MD","Unit 8522 Box 1442
DPO AA 39097","True","/static/default_profile_picture.jpg"
"47","teresawhite@hotmail.com","pbkdf2:sha256:600000$diTyXFLSfrKtVjjC$160cf09a1e5aaa3adfd9381fee755fdf55dcdf9496c0cb4a8b2511d461bd1a81","Theodore","MD","593 Jessica Points
Lake Franceshaven, RI 91999","True","/static/default_profile_picture.jpg"
"48","michellejackson@hotmail.com","pbkdf2:sha256:600000$2z59Ks1mJ6HcYbb3$e4ad3b212f223063868b596d6fc8ac4a92e9251121c4621e1f92d3eb828de496","Mark","Fuller","337 Collins Turnpike
Jillside, MD 86287","True","/static/default_profile_picture.jpg"
"49","porterjoel@hotmail.com","pbkdf2:sha256:600000$vu7Po82VX5PqFpMl$2bf5ff465d5bf1845380c63ae81cda6720b255d83850ceeade3df2ec8928091c","Brian","Matthews","69774 Smith Walks Suite 151
South Stephen, GU 46202","True","/static/default_profile_picture.jpg"
"50","laurie57@hotmail.com","pbkdf2:sha256:600000$OzNXYUdAmAPM0iaB$15101120099615325ef95e414658f567c2de044289a5cf796a98df2c71ba16bf","Margaret","James","83780 Flores Pine
Lake Joanne, OH 32464","True","/static/default_profile_picture.jpg"
"51","floresbrandi@hotmail.com","pbkdf2:sha256:600000$tGsjHIV2twBwMDpf$d7ecff7fde3c20eb76279946f01ef8f04dff9cfce39d264215f26860ad1fc297","Dwayne","Osborne","4747 Randall Lake
West Edwardburgh, MA 59171","True","/static/default_profile_picture.jpg"
"52","melissalynch@gmail.com","pbkdf2:sha256:600000$IovKOKboMkcxQHj0$233ef26918fd4d9b712f3e9d3ba3818e00963c2e600e5fe8a7ebfc4e49b1fd83","Sean","Perez","69757 Anthony Rapid
Sandovalchester, MI 41089","True","/static/default_profile_picture.jpg"
"53","pamela20@gmail.com","pbkdf2:sha256:600000$ztydmBeZeRBtLgev$4cf8fef1527224c4f82c10dff62bf9dd7d4113fa9d3219d615356c7367f8524d","Felicia","Larson","55899 Ryan Station Apt. 198
East Marcus, OH 53249","True","/static/default_profile_picture.jpg"
"54","pharris@yahoo.com","pbkdf2:sha256:600000$YqtbVCY5gnKvuBO2$2b7062832f2f6aeee6eac3d437247f9347feddf698877a5e978f36b0e2dc0457","Karen","Knox","2939 Bell Greens
Jacksonside, NM 14908","True","/static/default_profile_picture.jpg"
"55","royangela@gmail.com","pbkdf2:sha256:600000$H6TmBv7xbNccpzoO$bd0fcb46b64c157214bfc5fd87be6f7a1d0f7058beca34db6d3bbd971b69eea4","Donald","Doyle","PSC 4630, Box 8871
APO AE 17549","True","/static/default_profile_picture.jpg"
"56","munozkristin@yahoo.com","pbkdf2:sha256:600000$RJ2i0C4CWUOoV2gZ$d04362db8bad82d1cec9ffcc1aac51b47e692553de05ad1d3350c78588a1b02b","Jennifer","Marshall","604 Stanley Ports Apt. 102
East Rachel, VA 44042","True","/static/default_profile_picture.jpg"
"57","kevinclements@hotmail.com","pbkdf2:sha256:600000$6h7XGiAnyyV26dTu$122819026915b01204042810e807c577aa765322baf03cca0cb3cb09ee2a5159","David","Harper","547 Ramirez Isle
Tinaland, SD 58300","True","/static/default_profile_picture.jpg"
"58","pattersonandrea@gmail.com","pbkdf2:sha256:600000$jnsLmWttTdJhGx4C$4951c6a93cc468d6150853d1782d20c39b6e348d5eab339280d418dfc3be7eb2","Miranda","Hunter","6346 Cunningham Stream
West Jasonton, MO 49744","True","/static/default_profile_picture.jpg"
"59","qwilliams@yahoo.com","pbkdf2:sha256:600000$8Qi0KdkYVQjIzll6$cdaf5b9a9990fa2fbe5feeb550b03596168aec06173685e18dd558db4d5ef6d2","Meagan","Graham","071 Carter Mountain Suite 791
Jasonchester, NH 46603","True","/static/default_profile_picture.jpg"
"60","snyderlauren@gmail.com","pbkdf2:sha256:600000$VHxZoW38Dkb8y1fa$4fc32848c5ba20ac1cd0b21f18474885d344ef752e23fcdf848f00ce0bf719bf","Tiffany","Kim","583 Ann Hills Apt. 225
North Justinchester, NY 33827","True","/static/default_profile_picture.jpg"
"61","sydneywagner@yahoo.com","pbkdf2:sha256:600000$I0w7dksqqvXJnaSC$43e59cf6d0e68eabd2f8e95a1fa6181ee1377d7fec337becda4d6e25139b50ca","Adam","Burns","9906 Leslie Manors Suite 325
Mckayside, FM 37483","True","/static/default_profile_picture.jpg"
"62","qferrell@hotmail.com","pbkdf2:sha256:600000$5gIqfV88L5a0Nfwh$48d78f5bf97333622a93fc49cd03c6eb978f4f0539bc33190ae1eba290746177","Tracey","Bartlett","77038 Emily Lane
South Davidfort, OK 74845","True","/static/default_profile_picture.jpg"
"63","qdyer@yahoo.com","pbkdf2:sha256:600000$BWMEvY07OSdSXPe8$7a7ca9ddcbf322564854aea6353c67f1f2d1665abdc4420782054da865a19c5b","Tammy","Sexton","5640 Sara Lakes Apt. 150
Valenciachester, IL 77372","True","/static/default_profile_picture.jpg"
"64","morrismichael@hotmail.com","pbkdf2:sha256:600000$SwJ6vVG1G4gNTMNT$dd162bb4e442d4a4f0eec34bfd4d250b4fa41d57b0e5bda49bc2c37a31c39cd0","Kimberly","Taylor","PSC 1844, Box 9657
APO AE 45924","True","/static/default_profile_picture.jpg"
"65","obennett@hotmail.com","pbkdf2:sha256:600000$PfI8j7s0ienZYeSZ$2449d5e359fd6122496f3aac7b11b9a326df8df462f0490aa3a2532ae19beba6","Richard","Lee","565 Amanda Trail
New Thomas, PR 77352","True","/static/default_profile_picture.jpg"
"66","mhiggins@hotmail.com","pbkdf2:sha256:600000$RxVeVC8XkUVdXDtd$6cc7f2de4d507608d74a9df3dc00965faf0722e14b7a32d6066b0c40c25d161c","Ronald","Ferrell","0587 Donna Skyway Suite 195
Port Brendaburgh, WY 41215","True","/static/default_profile_picture.jpg"
"67","marcfarmer@hotmail.com","pbkdf2:sha256:600000$TV6ruZo7mHk8REDu$ca596e071999dbc73b2a447818d9f39f108d12af4ce1f7c9495b17eb43592e49","Darin","Bryant","332 Wells Circle Apt. 904
Port Brandonton, FL 28199","True","/static/default_profile_picture.jpg"
"68","deanrodriguez@gmail.com","pbkdf2:sha256:600000$a4K0DfpLICWUC6kk$b3daa7ef38d50dfd4968648f65eaa740a73693cf724f085497bdff367f83291b","Heather","Bowen","12874 Christopher Trace Apt. 983
East Shawn, NM 82215","True","/static/default_profile_picture.jpg"
"69","wheelerrachel@gmail.com","pbkdf2:sha256:600000$QLrnGPIsEgenRnPE$4a46ad64befa472c07afdb800421ea9d900f81c9aa1de73b9ac5b12272127250","Stephanie","Meza","1113 Kristin Road Suite 599
Johnsonfort, VA 53474","True","/static/default_profile_picture.jpg"
"70","iclark@yahoo.com","pbkdf2:sha256:600000$RE4MK1c63erXz9fB$60b09975aad31432de1a04e3695a283ce975b00a10ce80dbbcc31e122fe1aa5b","Casey","DDS","749 Marisa Brooks
North Erinbury, OH 55906","True","/static/default_profile_picture.jpg"
"71","craigjonathan@yahoo.com","pbkdf2:sha256:600000$Cez0Q9xvtPvIIk2N$bedb2fcb28ae54631f18e6aca86e3e69cd757e3090356280e79749ec202205cc","Elizabeth","Horne","92380 Brianna Road
Sandraburgh, GA 77059","True","/static/default_profile_picture.jpg"
"72","ycolon@yahoo.com","pbkdf2:sha256:600000$RXOpZgwBoUhvaQWD$88ae1edcebff6dbdc08efa5c2b33e7783e667793a3f35dba6fed41ced50ba236","Laura","Williams","147 Derrick Hollow
Lake Vincent, WI 89535","True","/static/default_profile_picture.jpg"
"73","brianna61@hotmail.com","pbkdf2:sha256:600000$8ra8xq9u8fubPUNm$a4eaf2b4bb088d5954bb9c4eb3ef5cfb9c575f0e537b9d6b2b3f610b3722b1df","Anthony","Lopez","953 Christian Cove
Ronaldport, MP 42703","True","/static/default_profile_picture.jpg"
"74","elizabethyang@gmail.com","pbkdf2:sha256:600000$080B9xwr5OqecV7O$7573d8cc92fc8bdc44344679840ea9487c84aa2c193ab43fb85ef17f84535647","Savannah","Miller","03323 Russell Lodge
West Bridgetmouth, SD 51383","True","/static/default_profile_picture.jpg"
"75","dphillips@hotmail.com","pbkdf2:sha256:600000$fLmh4DnTFzp4pFHn$5f5e799a62663499407b32d521e84bffc70d85fd4e65b21f0b346b31a1be3f12","Jenna","Smith","30352 Buchanan Bypass Suite 685
East Kelly, DC 08252","True","/static/default_profile_picture.jpg"
"76","patrick22@gmail.com","pbkdf2:sha256:600000$0N9Q8w1DY0vJemPC$95336718c98c31b9765091ad479b84af34df241626f33a5a0d70bd5169ee8b8e","Bryan","Cox","587 Davila Flats Suite 058
Whitneymouth, OK 79177","True","/static/default_profile_picture.jpg"
"77","hillshelley@gmail.com","pbkdf2:sha256:600000$iVHbUSWZRZhQySg4$81149faad50ba38f6cbbd0f352893ce11a9f74444b207479aa24b76e76323d21","Dr.","IV","7746 Shepard Plains
North Kim, DC 53368","True","/static/default_profile_picture.jpg"
"78","christopher11@gmail.com","pbkdf2:sha256:600000$U9AUiFEVSL97ZCQx$32f055623d60848ab4c795fb1afb18a42a7cfa8566d2e74041dea8875eeafa0d","Jeremiah","Oneal","708 Donald Underpass
Anthonymouth, GA 90721","True","/static/default_profile_picture.jpg"
"79","sherri44@gmail.com","pbkdf2:sha256:600000$XjsOYz1syumvfrJV$27826edc0fc8bbc59a1b7760ed4a7b528653b512eb4a9e2ea21710b70c879414","Brian","PhD","95804 Simmons Crest
West Gabrielle, ID 30872","True","/static/default_profile_picture.jpg"
"80","julie11@hotmail.com","pbkdf2:sha256:600000$VhJTEsaOuUn3lw04$3d0997b9ddbd96202d56b02f6a759af6cb4e6916f4a0738c6ea7f72da71e1e04","Jonathan","Pace","1890 Jill Shores Apt. 162
Charlesbury, NJ 74752","True","/static/default_profile_picture.jpg"
"81","thorntonanna@gmail.com","pbkdf2:sha256:600000$aCNfoMt3LjGhWdNs$85bbaef6805caae8815cce00ce98d7e73f294c005192635516aebb7b3b804b70","James","Allen","82278 Jennifer Rapid Apt. 620
Lake Ashley, IL 63089","True","/static/default_profile_picture.jpg"
"82","nelsondonna@gmail.com","pbkdf2:sha256:600000$A6iYNIFtB6W9GWA2$35214f57fa23280a71d6c0bceb17dbb338b3bce82d37e80403738b19275dcb3e","Linda","Myers","523 William Ranch Apt. 477
East Joseph, HI 92278","True","/static/default_profile_picture.jpg"
"83","maurice65@hotmail.com","pbkdf2:sha256:600000$PDur9eXmivzYX5Qr$29d5e5ee0bbdffdf8b0a9609e91a67ad3bf9732b8d70b4870b6ee27432e89f96","Krista","Thompson","664 Deborah Squares Apt. 415
Pruittberg, MH 71133","True","/static/default_profile_picture.jpg"
"84","vincenthill@gmail.com","pbkdf2:sha256:600000$gppjO7dqZsshTLV1$3b0799b47b4914965c3e1c7538dfc32b9d7bca000cbec31e328691345017e875","James","Robinson","PSC 9731, Box 9509
APO AA 87520","True","/static/default_profile_picture.jpg"
"85","rodriguezthomas@yahoo.com","pbkdf2:sha256:600000$eDJ6jt1lC99FzJ8j$501ae1958c89db84ff58649fd496471d6ca38ba0843dfa67c0dd7ea55619225a","Mary","Wood","63888 Lopez Squares Apt. 778
Victoriahaven, WV 92298","True","/static/default_profile_picture.jpg"
"86","shelleybird@hotmail.com","pbkdf2:sha256:600000$G48WfiIyDVHTfNm1$c4535a55da3b860e0ec4929aa463a45004baa03f132c9120beb9bd0aee38aeb3","Scott","Martinez","74604 Williams Plains
Camposshire, NC 44605","True","/static/default_profile_picture.jpg"
"87","christina00@hotmail.com","pbkdf2:sha256:600000$iXwEskkbclUFLVx4$0bcf3a1cc9e606ef6096bc195f5d19f4dda2cf34d75393c8b96e6b3aac5baf09","Stephanie","Montgomery","1894 Theresa Circle Apt. 851
Stephaniestad, WY 82521","True","/static/default_profile_picture.jpg"
"88","danielle56@hotmail.com","pbkdf2:sha256:600000$zldTgTTxF8N5f6YV$898eb53a5f2265aaaa88b716940cf0cafd7e6857b908224fb46836f64bc07cbf","Rebecca","Reyes","163 Hayley Fords Suite 583
South Karen, VI 97729","True","/static/default_profile_picture.jpg"
"89","daychristopher@yahoo.com","pbkdf2:sha256:600000$KnAeBQPN4jnu3UPt$b3ca0467e8a05de758cdd389fd36f92822c430277ddbf34708a1c6ad45c5c2e9","Charles","Beard","USNV Sanchez
FPO AP 13494","True","/static/default_profile_picture.jpg"
"90","april05@hotmail.com","pbkdf2:sha256:600000$790FsP3exp2F67qt$430e81b1c24e285dbf90b915260f1c609fae10cf05c0e5f4075d58477abe5c1b","Kelly","Morrison","10157 Fuller Lodge Suite 550
South Christopher, MA 18397","True","/static/default_profile_picture.jpg"
"91","lbush@yahoo.com","pbkdf2:sha256:600000$nn1ssWOcpBzZqq8F$83191901d08fb9cfee191680ab2e2c4d4f80e4e3f38b16a26a5054ad73be874f","Jeffrey","Robles","56162 Lozano Stream Suite 426
Reneehaven, GU 16280","True","/static/default_profile_picture.jpg"
"92","jordanmendez@hotmail.com","pbkdf2:sha256:600000$IBx8gkmLs2Mh4BJ8$655e76ff322fc371d10e4dd10f69691002b1a998155420891a4ec7e8a5741eeb","Matthew","Ruiz","438 Clark Village
New Kimberlyview, OR 47692","True","/static/default_profile_picture.jpg"
"93","timothyschultz@yahoo.com","pbkdf2:sha256:600000$G6Iqrz45PMFtZug9$88665651824a3c3474c0f08085399914805f4fb0ebc2eb6bc9f6a6ea965499c1","Michael","Peters","USCGC Williams
FPO AA 08516","True","/static/default_profile_picture.jpg"
"94","brianramos@gmail.com","pbkdf2:sha256:600000$RqZfAW8vAln2iLDz$cc11f828de89df5de40ec976b0c48b03175f2758666eb1f1891dd2ce73708902","Kent","Clarke","3715 Holland Mills
East Carl, VA 49747","True","/static/default_profile_picture.jpg"
"95","terrykim@hotmail.com","pbkdf2:sha256:600000$ZqrBbA3uPsz2ZB0V$2d659c9c88bfe206967191d116da0c346ad5c68bb1a17ad42a55739c6cbecb7e","Jason","Thornton","PSC 0035, Box 3130
APO AE 85223","True","/static/default_profile_picture.jpg"
"96","jerry76@gmail.com","pbkdf2:sha256:600000$l0VEAKThXgtQYsG9$539256b5cf56bf8bb3e951f9d8038743cd045ee04d509f4cc8b443256e60b99e","David","Herrera","21167 Thompson Park
New Kaylaborough, ME 43751","True","/static/default_profile_picture.jpg"
"97","stephenpratt@hotmail.com","pbkdf2:sha256:600000$2AXPwQDWpfI41b7l$2c79dcc489bb69a661b793c07ab87853001099219a98c159ec9e3958eb02121d","Nicole","Martinez","3963 Craig Lodge
West Alexis, MN 69720","True","/static/default_profile_picture.jpg"
"98","donaldsonjamie@gmail.com","pbkdf2:sha256:600000$mUD0hz6BUOaBKcdj$e96d278ad7c8bcb4208ae564c922e77b3f9d506d7663aa95c2f3fb8cc0ad6218","Kristy","Mitchell","33758 Padilla Keys
South Paulshire, NJ 55054","True","/static/default_profile_picture.jpg"
"99","james05@hotmail.com","pbkdf2:sha256:600000$ouE4LxYmwP2YsH59$d006efd131d28bb2f5c82c44be8d796ed53a9a0deec20bf5fa01edbf075894e6","Jordan","Pollard","4901 Taylor Harbor
Meganside, CA 78425","True","/static/default_profile_picture.jpg"
